<?xml version="1.0" encoding="utf-8" ?>
<dwsync>
<file name="404-bk.php" server="mrchickencater.com//public_html/" local="130494736268224024" remote="130285296000000000" Dst="2" />
<file name="404.php" server="mrchickencater.com//public_html/" local="130494736276348972" remote="130285296000000000" Dst="2" />
<file name="archive.php" server="mrchickencater.com//public_html/" local="130494736276348972" remote="130283568000000000" Dst="2" />
<file name="PHPMailerAutoload.php" server="mrchickencater.com//public_html/" local="130494736276505221" remote="130293936000000000" Dst="2" />
<file name="archives.php" server="mrchickencater.com//public_html/" local="130494736283067679" remote="130283568000000000" Dst="2" />
<file name="class.pop3.php" server="mrchickencater.com//public_html/" local="130494736283223928" remote="130293936000000000" Dst="2" />
<file name="comments-popup.php" server="mrchickencater.com//public_html/" local="130494736288223896" remote="130283568000000000" Dst="2" />
<file name="class.smtp.php" server="mrchickencater.com//public_html/" local="130494736288380145" remote="130293936000000000" Dst="2" />
<file name="class.phpmailer.php" server="mrchickencater.com//public_html/" local="130494736288848892" remote="130293936000000000" Dst="2" />
<file name="comments.php" server="mrchickencater.com//public_html/" local="130494736295098852" remote="130283568000000000" Dst="2" />
<file name="footer-BKUP.php" server="mrchickencater.com//public_html/" local="130494736965875809" remote="130359071400000000" Dst="2" />
<file name="front-page.php" server="mrchickencater.com//public_html/" local="130494736970563279" remote="130391008800000000" Dst="2" />
<file name="front-page-copy.php" server="mrchickencater.com//public_html/" local="130494736970719528" remote="130283568000000000" Dst="2" />
<file name="header.php" server="mrchickencater.com//public_html/" local="130494736978219480" remote="130286160000000000" Dst="2" />
<file name="functions.php" server="mrchickencater.com//public_html/" local="130494736978375729" remote="130283568000000000" Dst="2" />
<file name="front-page-BKUP.php" server="mrchickencater.com//public_html/" local="130494736978375729" remote="130389756600000000" Dst="2" />
<file name="image.php" server="mrchickencater.com//public_html/" local="130494736986656926" remote="130283568000000000" Dst="2" />
<file name="index.php" server="mrchickencater.com//public_html/" local="130494737081187571" remote="130283568000000000" Dst="2" />
<file name="kubrick.pot" server="mrchickencater.com//public_html/" local="130494737111343628" remote="130283568000000000" Dst="2" />
<file name="links.php" server="mrchickencater.com//public_html/" local="130494737117281090" remote="130283568000000000" Dst="2" />
<file name="menu.php" server="mrchickencater.com//public_html/" local="130494737117437339" remote="130283568000000000" Dst="2" />
<file name="order.php" server="mrchickencater.com//public_html/" local="130494779850288847" remote="130494743400000000" Dst="2" />
<file name="order1.php" server="mrchickencater.com//public_html/" local="130494737125249789" remote="130283568000000000" Dst="2" />
<file name="page.php" server="mrchickencater.com//public_html/" local="130494737129937259" remote="130283568000000000" Dst="2" />
<file name="rtl.css" server="mrchickencater.com//public_html/" local="130494737130249757" remote="130283568000000000" Dst="2" />
<file name="order.php.old" server="mrchickencater.com//public_html/" local="130494737130406006" remote="130283568000000000" Dst="2" />
<file name="search.php" server="mrchickencater.com//public_html/" local="130494737138687203" remote="130283568000000000" Dst="2" />
<file name="sidebar.php" server="mrchickencater.com//public_html/" local="130494737138687203" remote="130285296000000000" Dst="2" />
<file name="single.php" server="mrchickencater.com//public_html/" local="130494737143843420" remote="130283568000000000" Dst="2" />
<file name="special.php" server="mrchickencater.com//public_html/" local="130494737143843420" remote="130312080000000000" Dst="2" />
<file name="screenshot.png" server="mrchickencater.com//public_html/" local="130494737144468416" remote="130283568000000000" Dst="2" />
<file name="footer.php" server="mrchickencater.com//public_html/" local="130494737149155886" remote="130494018600000000" Dst="2" />
<file name="style.css" server="mrchickencater.com//public_html/" local="130494737151812119" remote="130283568000000000" Dst="2" />
</dwsync>